{
    "model_type": "prototype",
    "proto_type": "quadratic",
    "feature_dim": 512,
    "num_classes": 10,
    "best_epoch": 100,
    "best_metrics": {
        "epoch": 100,
        "loss": 1.3906614706320377,
        "acc": 0.6324420066278139,
        "top5_acc": 0.9458918977691002,
        "sba": 0.17540852474002971
    },
    "final_metrics": {
        "loss": 1.3906614706320377,
        "acc": 0.6324420066278139,
        "top5_acc": 0.9458918977691002,
        "sba": 0.17540852474002971
    },
    "hyperparameters": {
        "batch_size": 256,
        "num_workers": 8,
        "epochs": 100,
        "lr": 0.001,
        "weight_decay": 0.0001,
        "val_check_every": 5,
        "patience_checks": 3,
        "learn_gamma": false,
        "init_gamma": 1.0,
        "init_c": 1.0
    }
}